{"cameraMode":{"drawMode":0,"name":"Shaded","section":"Shading Mode"},"sceneLighting":true,"audioPlay":false,"sceneViewState":{"m_AlwaysRefresh":false,"showFog":true,"showSkybox":true,"showFlares":true,"showImageEffects":true,"showParticleSystems":true,"showVisualEffectGraphs":true,"m_FxEnabled":true},"in2DMode":false,"pivot":{"x":2.565324544906616,"y":1.25471031665802,"z":-1.086584448814392},"rotation":{"x":0.011215112172067166,"y":-0.9887441396713257,"z":0.10090145468711853,"w":0.10989966243505478},"size":2.6756162643432619,"orthographic":false}