{"cameraMode":{"drawMode":0,"name":"Shaded","section":"Shading Mode"},"sceneLighting":false,"audioPlay":false,"sceneViewState":{"m_AlwaysRefresh":false,"showFog":false,"showSkybox":false,"showFlares":false,"showImageEffects":false,"showParticleSystems":false,"showVisualEffectGraphs":true,"m_FxEnabled":true},"in2DMode":false,"pivot":{"x":-0.03872799873352051,"y":0.24918735027313233,"z":-0.8703103065490723},"rotation":{"x":0.020176267251372339,"y":-0.9774441123008728,"z":0.11012987792491913,"w":0.1790735274553299},"size":1.8378585577011109,"orthographic":false}